testProgram_Name,testProgram_BomGroup,testProgram_Family,testProgram_SubFamily,testProgram_FlowsCollection_Count,testProgram_IsConcurrent,testProgram_Patterns_Count,ituff_unit_testTimeInMS
RPLP682_IDUT,CLASS_RPLP682,RPL,CLASS_RPLP682,6,True,17068,622
RPLP682_IDUT,CLASS_RPLP682,RPL,CLASS_RPLP682,6,True,17068,210
RPLP682_IDUT,CLASS_RPLP682,RPL,CLASS_RPLP682,6,True,17068,384
RPLP682_IDUT,CLASS_RPLP682,RPL,CLASS_RPLP682,6,True,17068,967
RPLP682_IDUT,CLASS_RPLP682,RPL,CLASS_RPLP682,6,True,17068,764
RPLP682_IDUT,CLASS_RPLP682,RPL,CLASS_RPLP682,6,True,17068,687
RPLP682_IDUT,CLASS_RPLP682,RPL,CLASS_RPLP682,6,True,17068,30
RPLP682_IDUT,CLASS_RPLP682,RPL,CLASS_RPLP682,6,True,17068,343
RPLP682_IDUT,CLASS_RPLP682,RPL,CLASS_RPLP682,6,True,17068,507
RPLP682_IDUT,CLASS_RPLP682,RPL,CLASS_RPLP682,6,True,17068,805
RPLP682_IDUT,CLASS_RPLP682,RPL,CLASS_RPLP682,6,True,17068,37
RPLP682_IDUT,CLASS_RPLP682,RPL,CLASS_RPLP682,6,True,17068,33
RPLP682_IDUT,CLASS_RPLP682,RPL,CLASS_RPLP682,6,True,17068,548
RPLP682_IDUT,CLASS_RPLP682,RPL,CLASS_RPLP682,6,True,17068,896
RPLP682_IDUT,CLASS_RPLP682,RPL,CLASS_RPLP682,6,True,17068,899
RPLP682_IDUT,CLASS_RPLP682,RPL,CLASS_RPLP682,6,True,17068,167
RPLP682_IDUT,CLASS_RPLP682,RPL,CLASS_RPLP682,6,True,17068,725
RPLP682_IDUT,CLASS_RPLP682,RPL,CLASS_RPLP682,6,True,17068,832
RPLP682_IDUT,CLASS_RPLP682,RPL,CLASS_RPLP682,6,True,17068,897
RPLP682_IDUT,CLASS_RPLP682,RPL,CLASS_RPLP682,6,True,17068,719
RPLP682_IDUT,CLASS_RPLP682,RPL,CLASS_RPLP682,6,True,17068,56
RPLP682_IDUT,CLASS_RPLP682,RPL,CLASS_RPLP682,6,True,17068,329
RPLP682_IDUT,CLASS_RPLP682,RPL,CLASS_RPLP682,6,True,17068,388
RPLP682_IDUT,CLASS_RPLP682,RPL,CLASS_RPLP682,6,True,17068,166
RPLP682_IDUT,CLASS_RPLP682,RPL,CLASS_RPLP682,6,True,17068,421
RPLP682_IDUT,CLASS_RPLP682,RPL,CLASS_RPLP682,6,True,17068,675
RPLP682_IDUT,CLASS_RPLP682,RPL,CLASS_RPLP682,6,True,17068,458
RPLP682_IDUT,CLASS_RPLP682,RPL,CLASS_RPLP682,6,True,17068,677
RPLP682_IDUT,CLASS_RPLP682,RPL,CLASS_RPLP682,6,True,17068,120
RPLP682_IDUT,CLASS_RPLP682,RPL,CLASS_RPLP682,6,True,17068,190
RPLP682_IDUT,CLASS_RPLP682,RPL,CLASS_RPLP682,6,True,17068,731
RPLP682_IDUT,CLASS_RPLP682,RPL,CLASS_RPLP682,6,True,17068,649
RPLP682_IDUT,CLASS_RPLP682,RPL,CLASS_RPLP682,6,True,17068,18
RPLP682_IDUT,CLASS_RPLP682,RPL,CLASS_RPLP682,6,True,17068,431
RPLP682_IDUT,CLASS_RPLP682,RPL,CLASS_RPLP682,6,True,17068,507
RPLP682_IDUT,CLASS_RPLP682,RPL,CLASS_RPLP682,6,True,17068,744
RPLP682_IDUT,CLASS_RPLP682,RPL,CLASS_RPLP682,6,True,17068,445
RPLP682_IDUT,CLASS_RPLP682,RPL,CLASS_RPLP682,6,True,17068,170
RPLP682_IDUT,CLASS_RPLP682,RPL,CLASS_RPLP682,6,True,17068,694
RPLP682_IDUT,CLASS_RPLP682,RPL,CLASS_RPLP682,6,True,17068,410
RPLP682_IDUT,CLASS_RPLP682,RPL,CLASS_RPLP682,6,True,17068,824
RPLP682_IDUT,CLASS_RPLP682,RPL,CLASS_RPLP682,6,True,17068,551
RPLP682_IDUT,CLASS_RPLP682,RPL,CLASS_RPLP682,6,True,17068,192
RPLP682_IDUT,CLASS_RPLP682,RPL,CLASS_RPLP682,6,True,17068,187
RPLP682_IDUT,CLASS_RPLP682,RPL,CLASS_RPLP682,6,True,17068,913
RPLP682_IDUT,CLASS_RPLP682,RPL,CLASS_RPLP682,6,True,17068,689
RPLP682_IDUT,CLASS_RPLP682,RPL,CLASS_RPLP682,6,True,17068,504
RPLP682_IDUT,CLASS_RPLP682,RPL,CLASS_RPLP682,6,True,17068,370
RPLP682_IDUT,CLASS_RPLP682,RPL,CLASS_RPLP682,6,True,17068,859
RPLP682_IDUT,CLASS_RPLP682,RPL,CLASS_RPLP682,6,True,17068,897
RPLP682_IDUT,CLASS_RPLP682,RPL,CLASS_RPLP682,6,True,17068,110
RPLP682_IDUT,CLASS_RPLP682,RPL,CLASS_RPLP682,6,True,17068,131
RPLP682_IDUT,CLASS_RPLP682,RPL,CLASS_RPLP682,6,True,17068,870
RPLP682_IDUT,CLASS_RPLP682,RPL,CLASS_RPLP682,6,True,17068,934
RPLP682_IDUT,CLASS_RPLP682,RPL,CLASS_RPLP682,6,True,17068,735
RPLP682_IDUT,CLASS_RPLP682,RPL,CLASS_RPLP682,6,True,17068,214
RPLP682_IDUT,CLASS_RPLP682,RPL,CLASS_RPLP682,6,True,17068,201
RPLP682_IDUT,CLASS_RPLP682,RPL,CLASS_RPLP682,6,True,17068,575
RPLP682_IDUT,CLASS_RPLP682,RPL,CLASS_RPLP682,6,True,17068,458
RPLP682_IDUT,CLASS_RPLP682,RPL,CLASS_RPLP682,6,True,17068,128
RPLP682_IDUT,CLASS_RPLP682,RPL,CLASS_RPLP682,6,True,17068,368
RPLP682_IDUT,CLASS_RPLP682,RPL,CLASS_RPLP682,6,True,17068,887
RPLP682_IDUT,CLASS_RPLP682,RPL,CLASS_RPLP682,6,True,17068,16
RPLP682_IDUT,CLASS_RPLP682,RPL,CLASS_RPLP682,6,True,17068,580
RPLP682_IDUT,CLASS_RPLP682,RPL,CLASS_RPLP682,6,True,17068,990
RPLP682_IDUT,CLASS_RPLP682,RPL,CLASS_RPLP682,6,True,17068,706
RPLP682_IDUT,CLASS_RPLP682,RPL,CLASS_RPLP682,6,True,17068,26
RPLP682_IDUT,CLASS_RPLP682,RPL,CLASS_RPLP682,6,True,17068,176
RPLP682_IDUT,CLASS_RPLP682,RPL,CLASS_RPLP682,6,True,17068,878
RPLP682_IDUT,CLASS_RPLP682,RPL,CLASS_RPLP682,6,True,17068,818
RPLP682_IDUT,CLASS_RPLP682,RPL,CLASS_RPLP682,6,True,17068,485
RPLP682_IDUT,CLASS_RPLP682,RPL,CLASS_RPLP682,6,True,17068,249
RPLP682_IDUT,CLASS_RPLP682,RPL,CLASS_RPLP682,6,True,17068,388
